,DATA,Nº DE LEITOS UTI,Nº DE LEITOS  ENFERMARIA ,INTERNADOS,UTI SUS,ENFERMARIA SUS,UTI PRIVADO,ENFERMARIA PRIVADO
0,2021-05-10,416.0,562.0,814.0,225.0,236.0,157.0,196.0
1,2021-05-09,422.0,572.0,813.0,219.0,231.0,154.0,209.0
2,2021-05-08,422.0,572.0,823.0,218.0,239.0,160.0,206.0
3,2021-05-07,430.0,580.0,831.0,227.0,245.0,163.0,196.0
4,2021-05-06,429.0,580.0,816.0,224.0,240.0,167.0,185.0
5,2021-05-05,431.0,550.0,786.0,226.0,210.0,162.0,188.0
6,2021-05-04,431.0,550.0,800.0,228.0,224.0,171.0,177.0
7,2021-05-03,433.0,550.0,834.0,229.0,237.0,185.0,183.0
8,2021-05-02,433.0,550.0,834.0,223.0,230.0,187.0,194.0
9,2021-05-01,433.0,550.0,835.0,220.0,234.0,190.0,191.0
10,2021-04-30,433.0,550.0,866.0,229.0,249.0,183.0,205.0
11,2021-04-29,431.0,550.0,865.0,228.0,240.0,189.0,208.0
12,2021-04-28,431.0,550.0,816.0,227.0,205.0,188.0,196.0
13,2021-04-27,431.0,550.0,801.0,227.0,200.0,193.0,181.0
14,2021-04-26,433.0,550.0,810.0,226.0,214.0,197.0,173.0
15,2021-04-25,433.0,550.0,807.0,222.0,215.0,186.0,184.0
16,2021-04-24,433.0,550.0,836.0,227.0,227.0,187.0,195.0
17,2021-04-23,433.0,550.0,847.0,220.0,231.0,194.0,202.0
18,2021-04-22,433.0,550.0,847.0,224.0,237.0,188.0,198.0
19,2021-04-21,424.0,550.0,843.0,225.0,239.0,192.0,187.0
20,2021-04-20,417.0,550.0,837.0,218.0,239.0,195.0,185.0
21,2021-04-19,418.0,561.0,838.0,218.0,240.0,193.0,187.0
22,2021-04-18,421.0,561.0,843.0,215.0,238.0,188.0,202.0
23,2021-04-17,421.0,561.0,851.0,218.0,236.0,190.0,207.0
24,2021-04-16,421.0,567.0,861.0,220.0,242.0,179.0,220.0
25,2021-04-15,421.0,539.0,847.0,220.0,209.0,189.0,229.0
26,2021-04-14,421.0,539.0,845.0,210.0,206.0,183.0,246.0
27,2021-04-13,404.0,536.0,837.0,220.0,193.0,185.0,239.0
28,2021-04-12,404.0,536.0,836.0,214.0,197.0,189.0,236.0
29,2021-04-11,404.0,536.0,821.0,211.0,198.0,166.0,246.0
30,2021-04-10,394.0,530.0,831.0,210.0,203.0,169.0,249.0
31,2021-04-09,394.0,530.0,819.0,206.0,194.0,176.0,243.0
32,2021-04-08,394.0,525.0,828.0,204.0,204.0,173.0,247.0
33,2021-04-07,394.0,521.0,812.0,214.0,199.0,160.0,239.0
34,2021-04-06,394.0,521.0,825.0,217.0,206.0,169.0,233.0
35,2021-04-05,394.0,510.0,831.0,214.0,201.0,179.0,237.0
36,2021-04-04,394.0,510.0,834.0,207.0,189.0,182.0,256.0
37,2021-04-03,394.0,510.0,826.0,208.0,196.0,186.0,236.0
38,2021-04-02,394.0,510.0,808.0,204.0,190.0,187.0,227.0
39,2021-04-01,394.0,510.0,825.0,206.0,192.0,183.0,244.0
40,2021-03-31,394.0,510.0,806.0,207.0,181.0,190.0,228.0
41,2021-03-30,397.0,510.0,815.0,198.0,187.0,186.0,244.0
42,2021-03-29,397.0,505.0,823.0,197.0,194.0,186.0,246.0
43,2021-03-28,394.0,505.0,807.0,203.0,185.0,181.0,238.0
44,2021-03-27,394.0,505.0,806.0,205.0,195.0,179.0,227.0
45,2021-03-26,394.0,505.0,808.0,204.0,184.0,184.0,236.0
46,2021-03-25,388.0,505.0,819.0,200.0,194.0,183.0,242.0
47,2021-03-24,390.0,501.0,787.0,192.0,176.0,196.0,223.0
48,2021-03-23,389.0,498.0,820.0,193.0,199.0,194.0,234.0
49,2021-03-22,389.0,490.0,784.0,186.0,182.0,200.0,219.0
50,2021-03-21,389.0,490.0,753.0,172.0,182.0,182.0,217.0
51,2021-03-20,389.0,490.0,756.0,178.0,181.0,178.0,219.0
52,2021-03-19,366.0,468.0,732.0,172.0,177.0,166.0,217.0
53,2021-03-18,346.0,468.0,720.0,161.0,167.0,170.0,222.0
54,2021-03-17,346.0,440.0,701.0,158.0,162.0,161.0,220.0
55,2021-03-16,346.0,414.0,686.0,166.0,146.0,161.0,213.0
56,2021-03-15,339.0,414.0,677.0,161.0,140.0,162.0,214.0
57,2021-03-14,332.0,398.0,650.0,155.0,142.0,150.0,203.0
58,2021-03-13,332.0,398.0,633.0,154.0,141.0,149.0,189.0
59,2021-03-12,332.0,398.0,638.0,152.0,133.0,147.0,206.0
60,2021-03-11,335.0,395.0,630.0,150.0,132.0,151.0,197.0
61,2021-03-10,331.0,389.0,604.0,144.0,124.0,145.0,191.0
62,2021-03-09,327.0,371.0,586.0,136.0,128.0,136.0,186.0
63,2021-03-08,316.0,361.0,575.0,138.0,129.0,135.0,173.0
64,2021-03-07,317.0,339.0,529.0,132.0,118.0,124.0,155.0
65,2021-03-06,315.0,339.0,508.0,125.0,115.0,123.0,145.0
66,2021-03-05,310.0,331.0,504.0,121.0,118.0,120.0,145.0
67,2021-03-04,301.0,323.0,476.0,112.0,118.0,115.0,131.0
68,2021-03-03,302.0,314.0,432.0,105.0,95.0,114.0,118.0
69,2021-03-02,302.0,315.0,427.0,104.0,94.0,107.0,122.0
70,2021-03-01,302.0,315.0,435.0,98.0,95.0,107.0,135.0
71,2021-02-28,295.0,312.0,417.0,98.0,95.0,98.0,126.0
72,2021-02-27,286.0,311.0,407.0,100.0,86.0,87.0,134.0
73,2021-02-26,286.0,311.0,410.0,104.0,90.0,89.0,127.0
74,2021-02-25,284.0,311.0,405.0,108.0,87.0,89.0,121.0
75,2021-02-24,284.0,308.0,386.0,103.0,87.0,84.0,112.0
76,2021-02-23,274.0,308.0,381.0,95.0,93.0,80.0,113.0
77,2021-02-22,274.0,308.0,392.0,102.0,85.0,90.0,115.0
78,2021-02-21,269.0,296.0,384.0,100.0,87.0,85.0,112.0
79,2021-02-20,269.0,293.0,368.0,96.0,94.0,82.0,96.0
80,2021-02-19,269.0,293.0,358.0,97.0,96.0,77.0,88.0
81,2021-02-18,269.0,293.0,357.0,96.0,95.0,76.0,90.0
82,2021-02-17,260.0,293.0,346.0,97.0,94.0,60.0,95.0
83,2021-02-16,259.0,300.0,332.0,90.0,91.0,62.0,89.0
84,2021-02-15,253.0,300.0,316.0,88.0,86.0,62.0,80.0
85,2021-02-14,253.0,294.0,327.0,93.0,90.0,59.0,85.0
86,2021-02-13,253.0,294.0,325.0,93.0,89.0,57.0,86.0
87,2021-02-12,253.0,294.0,326.0,89.0,93.0,56.0,88.0
88,2021-02-11,254.0,294.0,317.0,83.0,89.0,57.0,88.0
89,2021-02-10,254.0,294.0,317.0,85.0,84.0,63.0,85.0
90,2021-02-09,254.0,294.0,314.0,86.0,80.0,59.0,89.0
91,2021-02-08,254.0,294.0,313.0,81.0,89.0,56.0,87.0
92,2021-02-07,254.0,296.0,320.0,85.0,90.0,62.0,83.0
93,2021-02-06,254.0,296.0,307.0,82.0,91.0,56.0,78.0
94,2021-02-05,254.0,296.0,326.0,91.0,96.0,53.0,86.0
95,2021-02-04,254.0,296.0,333.0,93.0,101.0,54.0,85.0
96,2021-02-03,254.0,296.0,327.0,94.0,98.0,53.0,82.0
97,2021-02-02,254.0,296.0,322.0,94.0,98.0,57.0,73.0
98,2021-02-01,254.0,296.0,320.0,90.0,102.0,61.0,67.0
99,2021-01-31,254.0,296.0,338.0,99.0,102.0,59.0,78.0
100,2021-01-30,254.0,296.0,336.0,96.0,102.0,55.0,83.0
101,2021-01-29,254.0,296.0,333.0,96.0,100.0,55.0,82.0
102,2021-01-28,254.0,286.0,329.0,100.0,92.0,57.0,80.0
103,2021-01-27,254.0,286.0,326.0,99.0,92.0,49.0,84.0
104,2021-01-26,254.0,286.0,330.0,106.0,91.0,46.0,87.0
105,2021-01-25,254.0,286.0,345.0,109.0,105.0,48.0,83.0
106,2021-01-24,258.0,286.0,347.0,110.0,106.0,53.0,78.0
107,2021-01-23,258.0,286.0,343.0,112.0,104.0,50.0,77.0
108,2021-01-22,258.0,286.0,340.0,111.0,108.0,48.0,73.0
109,2021-01-21,260.0,286.0,341.0,116.0,102.0,49.0,74.0
110,2021-01-20,277.0,286.0,334.0,111.0,102.0,49.0,72.0
111,2021-01-19,277.0,299.0,345.0,114.0,107.0,51.0,73.0
112,2021-01-18,277.0,299.0,349.0,113.0,105.0,52.0,79.0
113,2021-01-17,277.0,299.0,357.0,122.0,115.0,56.0,64.0
114,2021-01-16,277.0,299.0,372.0,123.0,120.0,56.0,73.0
115,2021-01-15,277.0,299.0,373.0,127.0,124.0,54.0,68.0
116,2021-01-14,277.0,313.0,374.0,132.0,116.0,53.0,73.0
117,2021-01-13,277.0,305.0,372.0,124.0,122.0,54.0,72.0
118,2021-01-12,277.0,305.0,362.0,114.0,123.0,52.0,73.0
119,2021-01-11,277.0,305.0,381.0,126.0,122.0,57.0,76.0
120,2021-01-10,277.0,300.0,399.0,138.0,124.0,59.0,78.0
121,2021-01-09,277.0,295.0,385.0,136.0,117.0,55.0,77.0
122,2021-01-08,277.0,295.0,365.0,129.0,110.0,53.0,73.0
123,2021-01-07,269.0,295.0,358.0,137.0,110.0,50.0,61.0
124,2021-01-06,269.0,295.0,347.0,129.0,111.0,43.0,64.0
125,2021-01-05,269.0,295.0,338.0,126.0,100.0,43.0,69.0
126,2021-01-04,263.0,294.0,334.0,130.0,96.0,43.0,65.0
127,2021-01-03,257.0,280.0,325.0,122.0,97.0,53.0,56.0
128,2021-01-02,257.0,280.0,321.0,120.0,93.0,46.0,62.0
129,2021-01-01,256.0,280.0,320.0,117.0,93.0,48.0,62.0
130,,0.0,0.0,0.0,0.0,0.0,0.0,0.0
131,2020-12-31,256.0,280.0,320.0,121.0,94.0,48.0,57.0
132,2020-12-30,256.0,280.0,309.0,119.0,87.0,46.0,57.0
133,2020-12-29,248.0,274.0,314.0,113.0,94.0,51.0,56.0
134,2020-12-28,228.0,247.0,316.0,118.0,90.0,56.0,52.0
135,2020-12-27,228.0,247.0,310.0,115.0,89.0,53.0,53.0
136,2020-12-26,228.0,247.0,309.0,112.0,89.0,54.0,54.0
137,2020-12-25,228.0,247.0,297.0,104.0,92.0,55.0,46.0
138,2020-12-24,228.0,247.0,299.0,100.0,94.0,56.0,49.0
139,2020-12-23,228.0,247.0,295.0,98.0,96.0,51.0,50.0
140,2020-12-22,228.0,247.0,302.0,109.0,89.0,52.0,52.0
141,2020-12-21,226.0,249.0,306.0,112.0,96.0,39.0,59.0
142,2020-12-20,226.0,249.0,291.0,115.0,87.0,41.0,48.0
143,2020-12-19,226.0,249.0,286.0,108.0,86.0,41.0,51.0
144,2020-12-18,226.0,230.0,286.0,107.0,87.0,41.0,51.0
145,2020-12-17,215.0,230.0,302.0,115.0,86.0,42.0,61.0
146,2020-12-16,193.0,224.0,277.0,98.0,84.0,36.0,59.0
147,2020-12-15,193.0,224.0,277.0,92.0,88.0,40.0,57.0
148,2020-12-14,193.0,224.0,272.0,91.0,90.0,39.0,52.0
149,2020-12-13,193.0,224.0,262.0,90.0,86.0,39.0,47.0
150,2020-12-12,193.0,224.0,263.0,92.0,83.0,41.0,47.0
151,2020-12-11,193.0,224.0,264.0,88.0,90.0,36.0,50.0
152,2020-12-10,193.0,234.0,277.0,92.0,97.0,39.0,49.0
153,2020-12-09,183.0,234.0,255.0,81.0,89.0,34.0,51.0
154,2020-12-08,179.0,228.0,261.0,81.0,91.0,37.0,52.0
155,2020-12-07,179.0,228.0,253.0,82.0,87.0,37.0,47.0
156,2020-12-06,179.0,228.0,250.0,80.0,95.0,35.0,40.0
157,2020-12-05,179.0,228.0,245.0,75.0,94.0,35.0,41.0
158,2020-12-04,179.0,228.0,245.0,73.0,91.0,38.0,43.0
159,2020-12-03,179.0,238.0,239.0,70.0,94.0,33.0,42.0
160,2020-12-02,179.0,238.0,241.0,66.0,96.0,34.0,45.0
161,2020-12-01,179.0,236.0,223.0,64.0,85.0,32.0,42.0
162,2020-11-30,179.0,236.0,224.0,68.0,86.0,30.0,40.0
163,2020-11-29,182.0,238.0,216.0,70.0,86.0,23.0,37.0
164,2020-11-28,182.0,238.0,208.0,62.0,87.0,21.0,38.0
165,2020-11-27,183.0,238.0,206.0,62.0,82.0,22.0,40.0
166,2020-11-26,183.0,238.0,188.0,61.0,73.0,23.0,31.0
167,2020-11-25,183.0,238.0,172.0,55.0,65.0,22.0,34.0
168,2020-11-24,183.0,238.0,155.0,47.0,60.0,21.0,27.0
169,2020-11-23,183.0,238.0,155.0,45.0,65.0,19.0,26.0
170,2020-11-22,183.0,238.0,162.0,47.0,70.0,16.0,29.0
171,2020-11-21,183.0,238.0,158.0,48.0,68.0,16.0,26.0
172,2020-11-20,183.0,238.0,161.0,51.0,72.0,16.0,23.0
173,2020-11-19,183.0,238.0,149.0,49.0,62.0,18.0,20.0
174,2020-11-18,183.0,238.0,132.0,48.0,54.0,15.0,15.0
175,2020-11-17,183.0,238.0,134.0,48.0,55.0,16.0,15.0
176,2020-11-16,183.0,238.0,141.0,49.0,52.0,21.0,19.0
177,2020-11-15,183.0,261.0,133.0,47.0,51.0,18.0,17.0
178,2020-11-14,183.0,261.0,131.0,46.0,51.0,19.0,15.0
179,2020-11-13,183.0,261.0,127.0,45.0,49.0,23.0,10.0
180,2020-11-12,183.0,261.0,139.0,53.0,56.0,20.0,10.0
181,2020-11-11,183.0,261.0,143.0,54.0,58.0,21.0,10.0
182,2020-11-10,183.0,261.0,148.0,46.0,68.0,21.0,13.0
183,2020-11-09,183.0,261.0,154.0,46.0,65.0,27.0,16.0
184,2020-11-08,183.0,261.0,159.0,47.0,68.0,25.0,19.0
185,2020-11-07,183.0,261.0,158.0,56.0,61.0,24.0,17.0
186,2020-11-06,183.0,261.0,164.0,55.0,63.0,26.0,20.0
187,2020-11-05,183.0,261.0,168.0,59.0,59.0,29.0,21.0
188,2020-11-04,183.0,261.0,165.0,55.0,58.0,28.0,24.0
189,2020-11-03,183.0,261.0,169.0,54.0,63.0,31.0,21.0
190,2020-11-02,183.0,261.0,167.0,53.0,69.0,30.0,15.0
191,2020-11-01,183.0,261.0,173.0,52.0,71.0,36.0,14.0
192,2020-10-31,183.0,261.0,173.0,55.0,70.0,32.0,16.0
193,2020-10-30,183.0,261.0,173.0,60.0,67.0,26.0,20.0
194,2020-10-29,183.0,261.0,175.0,63.0,66.0,24.0,22.0
195,2020-10-28,183.0,261.0,184.0,57.0,78.0,27.0,22.0
196,2020-10-27,183.0,261.0,174.0,60.0,71.0,25.0,18.0
197,2020-10-26,183.0,261.0,194.0,69.0,79.0,27.0,19.0
198,2020-10-25,183.0,261.0,197.0,70.0,81.0,26.0,20.0
199,2020-10-24,183.0,261.0,209.0,70.0,83.0,28.0,28.0
200,2020-10-23,183.0,261.0,209.0,67.0,87.0,25.0,30.0
201,2020-10-22,183.0,261.0,212.0,68.0,88.0,29.0,27.0
202,2020-10-21,183.0,261.0,210.0,66.0,87.0,28.0,29.0
203,2020-10-20,183.0,261.0,208.0,71.0,85.0,25.0,27.0
204,2020-10-19,183.0,261.0,203.0,70.0,84.0,27.0,22.0
205,2020-10-18,183.0,261.0,209.0,75.0,87.0,26.0,21.0
206,2020-10-17,183.0,261.0,205.0,74.0,91.0,22.0,18.0
207,2020-10-16,183.0,261.0,200.0,70.0,84.0,21.0,25.0
208,2020-10-15,189.0,261.0,208.0,73.0,91.0,23.0,21.0
209,2020-10-14,189.0,261.0,207.0,71.0,93.0,23.0,20.0
210,2020-10-13,189.0,261.0,202.0,69.0,93.0,22.0,18.0
211,2020-10-12,189.0,261.0,201.0,70.0,93.0,21.0,17.0
212,2020-10-11,189.0,261.0,216.0,75.0,94.0,21.0,26.0
213,2020-10-10,189.0,261.0,197.0,76.0,79.0,21.0,21.0
214,2020-10-09,189.0,261.0,202.0,71.0,86.0,25.0,20.0
215,2020-10-08,189.0,261.0,188.0,72.0,75.0,21.0,20.0
216,2020-10-07,189.0,261.0,191.0,72.0,82.0,21.0,16.0
217,2020-10-06,189.0,261.0,185.0,77.0,73.0,19.0,16.0
218,2020-10-05,189.0,261.0,175.0,74.0,67.0,20.0,19.0
219,2020-10-04,189.0,261.0,175.0,69.0,71.0,19.0,16.0
220,2020-10-03,189.0,261.0,178.0,71.0,71.0,21.0,15.0
221,2020-10-02,189.0,261.0,174.0,67.0,72.0,21.0,14.0
222,2020-10-01,203.0,277.0,182.0,67.0,76.0,20.0,19.0
223,2020-09-30,203.0,277.0,186.0,68.0,78.0,20.0,20.0
224,2020-09-29,203.0,277.0,192.0,75.0,78.0,19.0,20.0
225,2020-09-28,203.0,277.0,200.0,75.0,79.0,25.0,21.0
226,2020-09-27,203.0,277.0,194.0,71.0,82.0,22.0,19.0
227,2020-09-26,203.0,277.0,186.0,73.0,75.0,22.0,16.0
228,2020-09-25,203.0,277.0,181.0,75.0,70.0,20.0,16.0
229,2020-09-24,214.0,286.0,176.0,72.0,69.0,19.0,16.0
230,2020-09-23,244.0,321.0,170.0,64.0,75.0,18.0,13.0
231,2020-09-22,244.0,321.0,176.0,66.0,74.0,19.0,17.0
232,2020-09-21,254.0,338.0,195.0,68.0,88.0,18.0,21.0
233,2020-09-20,254.0,338.0,204.0,73.0,88.0,19.0,24.0
234,2020-09-19,254.0,338.0,198.0,69.0,85.0,24.0,20.0
235,2020-09-18,254.0,378.0,211.0,75.0,89.0,25.0,22.0
236,2020-09-17,254.0,378.0,218.0,77.0,93.0,25.0,23.0
237,2020-09-16,254.0,378.0,214.0,74.0,90.0,24.0,26.0
238,2020-09-15,264.0,409.0,208.0,68.0,93.0,23.0,24.0
239,2020-09-14,264.0,409.0,224.0,68.0,102.0,26.0,28.0
240,2020-09-13,274.0,439.0,225.0,71.0,94.0,26.0,30.0
241,2020-09-12,274.0,439.0,225.0,74.0,97.0,27.0,27.0
242,2020-09-11,283.0,459.0,224.0,74.0,94.0,25.0,31.0
243,2020-09-10,283.0,459.0,217.0,79.0,89.0,21.0,28.0
244,2020-09-09,283.0,479.0,222.0,82.0,86.0,23.0,31.0
245,2020-09-08,283.0,479.0,220.0,79.0,79.0,27.0,35.0
246,2020-09-07,283.0,479.0,222.0,74.0,90.0,23.0,35.0
247,2020-09-06,283.0,479.0,223.0,79.0,88.0,26.0,30.0
248,2020-09-05,283.0,479.0,215.0,82.0,84.0,27.0,22.0
249,2020-09-04,283.0,479.0,235.0,83.0,96.0,30.0,26.0
250,2020-09-03,289.0,515.0,246.0,87.0,100.0,33.0,26.0
251,2020-09-02,289.0,515.0,248.0,87.0,97.0,32.0,32.0
252,2020-09-01,299.0,515.0,275.0,85.0,108.0,42.0,40.0
253,2020-08-31,309.0,535.0,276.0,90.0,96.0,44.0,46.0
254,2020-08-30,309.0,535.0,278.0,89.0,104.0,41.0,44.0
255,2020-08-29,309.0,599.0,281.0,91.0,104.0,43.0,43.0
256,2020-08-28,309.0,599.0,294.0,94.0,107.0,46.0,47.0
257,2020-08-27,326.0,599.0,302.0,93.0,112.0,51.0,46.0
258,2020-08-26,326.0,599.0,305.0,99.0,110.0,48.0,48.0
259,2020-08-25,326.0,599.0,320.0,106.0,113.0,52.0,49.0
260,2020-08-24,326.0,599.0,336.0,102.0,123.0,56.0,55.0
261,2020-08-23,326.0,599.0,355.0,103.0,134.0,61.0,57.0
262,2020-08-22,326.0,599.0,373.0,106.0,144.0,62.0,61.0
263,2020-08-21,326.0,599.0,388.0,113.0,140.0,70.0,65.0
264,2020-08-20,326.0,599.0,405.0,109.0,160.0,70.0,66.0
265,2020-08-19,326.0,599.0,423.0,115.0,161.0,75.0,72.0
266,2020-08-18,326.0,599.0,444.0,120.0,169.0,76.0,79.0
267,2020-08-17,326.0,599.0,443.0,125.0,166.0,75.0,77.0
268,2020-08-16,326.0,599.0,413.0,121.0,153.0,68.0,71.0
269,2020-08-15,326.0,599.0,438.0,135.0,159.0,72.0,72.0
270,2020-08-14,326.0,599.0,452.0,141.0,152.0,76.0,83.0
271,2020-08-13,326.0,599.0,475.0,136.0,165.0,78.0,96.0
272,2020-08-12,326.0,599.0,484.0,141.0,170.0,75.0,98.0
273,2020-08-11,326.0,599.0,476.0,142.0,160.0,79.0,95.0
274,2020-08-10,326.0,599.0,491.0,150.0,170.0,82.0,89.0
275,2020-08-09,326.0,599.0,484.0,154.0,164.0,78.0,88.0
276,2020-08-08,326.0,599.0,489.0,157.0,161.0,85.0,86.0
277,2020-08-07,326.0,599.0,483.0,152.0,165.0,86.0,81.0
278,2020-08-06,325.0,599.0,510.0,156.0,169.0,92.0,93.0
279,2020-08-05,325.0,599.0,528.0,154.0,177.0,96.0,101.0
280,2020-08-04,325.0,599.0,561.0,157.0,193.0,99.0,112.0
281,2020-08-03,325.0,599.0,574.0,153.0,204.0,96.0,121.0
282,2020-08-02,325.0,599.0,587.0,154.0,214.0,98.0,121.0
283,2020-08-01,325.0,599.0,590.0,164.0,210.0,102.0,114.0
284,2020-07-31,325.0,599.0,612.0,166.0,219.0,102.0,125.0
285,2020-07-30,325.0,599.0,626.0,164.0,217.0,109.0,136.0
286,2020-07-29,325.0,599.0,622.0,160.0,212.0,113.0,137.0
287,2020-07-28,317.0,599.0,622.0,155.0,211.0,113.0,143.0
288,2020-07-27,317.0,599.0,632.0,163.0,207.0,114.0,148.0
289,2020-07-26,317.0,599.0,648.0,154.0,230.0,116.0,148.0
290,2020-07-25,317.0,599.0,649.0,158.0,229.0,104.0,158.0
291,2020-07-24,317.0,599.0,699.0,156.0,249.0,111.0,183.0
292,2020-07-23,317.0,579.0,699.0,158.0,243.0,114.0,184.0
293,2020-07-22,307.0,579.0,696.0,154.0,241.0,122.0,179.0
294,2020-07-21,333.0,592.0,708.0,162.0,235.0,127.0,184.0
295,2020-07-20,333.0,580.0,721.0,161.0,252.0,124.0,187.0
296,2020-07-19,335.0,593.0,724.0,165.0,244.0,128.0,187.0
297,2020-07-18,337.0,574.0,701.0,164.0,240.0,124.0,173.0
298,2020-07-17,344.0,591.0,728.0,159.0,242.0,133.0,194.0
299,2020-07-16,338.0,592.0,764.0,160.0,282.0,126.0,196.0
300,2020-07-15,345.0,624.0,767.0,158.0,277.0,136.0,196.0
301,2020-07-14,340.0,588.0,738.0,153.0,269.0,128.0,188.0
302,2020-07-13,310.0,522.0,737.0,155.0,268.0,134.0,180.0
303,2020-07-12,310.0,522.0,733.0,154.0,248.0,132.0,199.0
304,2020-07-11,310.0,522.0,707.0,158.0,250.0,114.0,185.0
305,2020-07-10,310.0,522.0,709.0,159.0,247.0,130.0,176.0
306,2020-07-09,293.0,510.0,717.0,146.0,260.0,125.0,186.0
307,2020-07-08,293.0,510.0,698.0,153.0,241.0,122.0,182.0
308,2020-07-07,293.0,510.0,678.0,152.0,237.0,123.0,166.0
309,2020-07-06,293.0,510.0,725.0,152.0,276.0,124.0,173.0
310,2020-07-05,293.0,510.0,684.0,149.0,255.0,124.0,156.0
311,2020-07-04,293.0,510.0,664.0,148.0,246.0,121.0,149.0
312,2020-07-03,293.0,510.0,679.0,149.0,253.0,115.0,162.0
313,2020-07-02,281.0,476.0,646.0,132.0,239.0,126.0,149.0
314,2020-07-01,281.0,476.0,642.0,126.0,242.0,118.0,156.0
315,2020-06-30,275.0,462.0,632.0,126.0,245.0,118.0,143.0
316,2020-06-29,275.0,462.0,625.0,129.0,229.0,126.0,141.0
317,2020-06-28,265.0,462.0,608.0,127.0,225.0,117.0,139.0
318,2020-06-27,265.0,462.0,609.0,125.0,231.0,123.0,130.0
319,2020-06-26,265.0,462.0,596.0,126.0,223.0,121.0,126.0
320,2020-06-25,265.0,462.0,569.0,114.0,216.0,114.0,125.0
321,2020-06-24,265.0,462.0,589.0,112.0,239.0,118.0,120.0
322,2020-06-23,265.0,462.0,575.0,112.0,234.0,111.0,118.0
323,2020-06-22,265.0,462.0,549.0,113.0,213.0,111.0,112.0
324,2020-06-21,265.0,412.0,526.0,101.0,221.0,107.0,97.0
325,2020-06-20,261.0,412.0,520.0,104.0,202.0,99.0,115.0
326,2020-06-19,240.0,412.0,513.0,98.0,202.0,96.0,117.0
327,2020-06-18,240.0,412.0,483.0,97.0,187.0,86.0,113.0
328,2020-06-17,234.0,412.0,474.0,96.0,195.0,84.0,99.0
329,2020-06-16,224.0,412.0,463.0,93.0,182.0,83.0,105.0
330,2020-06-15,219.0,412.0,453.0,102.0,163.0,84.0,104.0
331,2020-06-14,219.0,412.0,428.0,94.0,156.0,77.0,101.0
332,2020-06-13,209.0,412.0,446.0,93.0,163.0,75.0,115.0
333,2020-06-12,209.0,412.0,444.0,98.0,159.0,75.0,112.0
334,2020-06-11,209.0,412.0,445.0,93.0,168.0,79.0,105.0
335,2020-06-10,209.0,412.0,436.0,98.0,161.0,84.0,93.0
336,2020-06-09,209.0,412.0,394.0,76.0,152.0,77.0,89.0
337,2020-06-08,206.0,412.0,395.0,74.0,153.0,71.0,97.0
338,2020-06-07,206.0,412.0,383.0,78.0,136.0,73.0,96.0
339,2020-06-06,206.0,412.0,383.0,87.0,139.0,75.0,82.0
340,2020-06-05,205.0,412.0,401.0,86.0,148.0,68.0,99.0
341,2020-06-04,200.0,406.0,406.0,82.0,164.0,68.0,92.0
342,2020-06-03,197.0,383.0,389.0,74.0,153.0,71.0,91.0
343,2020-06-02,197.0,383.0,367.0,68.0,145.0,69.0,85.0
344,2020-06-01,197.0,366.0,375.0,66.0,143.0,80.0,86.0
345,2020-05-31,183.0,366.0,366.0,66.0,134.0,83.0,83.0
346,2020-05-30,167.0,360.0,365.0,72.0,138.0,74.0,81.0
347,2020-05-29,162.0,360.0,348.0,69.0,126.0,69.0,84.0
348,2020-05-28,162.0,360.0,345.0,74.0,117.0,71.0,83.0
349,2020-05-27,162.0,340.0,308.0,72.0,99.0,65.0,72.0
350,2020-05-26,161.0,336.0,292.0,67.0,95.0,63.0,67.0
351,2020-05-25,161.0,348.0,299.0,69.0,92.0,70.0,68.0
352,2020-05-24,169.0,264.0,273.0,61.0,77.0,71.0,64.0
353,2020-05-23,158.0,266.0,239.0,59.0,81.0,38.0,61.0
354,2020-05-22,158.0,260.0,179.0,47.0,65.0,33.0,34.0
355,2020-05-21,148.0,260.0,168.0,43.0,68.0,30.0,27.0
356,2020-05-20,148.0,260.0,165.0,42.0,64.0,35.0,24.0
357,2020-05-19,139.0,241.0,170.0,46.0,64.0,37.0,23.0
358,2020-05-18,139.0,241.0,176.0,52.0,66.0,35.0,23.0
359,2020-05-17,139.0,241.0,165.0,48.0,55.0,34.0,28.0
360,2020-05-16,139.0,232.0,166.0,45.0,63.0,36.0,22.0
361,2020-05-15,129.0,232.0,169.0,43.0,67.0,33.0,26.0
362,2020-05-14,129.0,232.0,156.0,49.0,62.0,27.0,18.0
363,2020-05-13,112.0,232.0,139.0,45.0,54.0,22.0,18.0
364,2020-05-12,112.0,232.0,133.0,37.0,53.0,26.0,17.0
365,2020-05-11,100.0,232.0,114.0,32.0,47.0,19.0,16.0
366,2020-05-10,100.0,232.0,95.0,22.0,41.0,17.0,15.0
367,2020-05-09,100.0,232.0,86.0,23.0,37.0,13.0,13.0
368,2020-05-08,100.0,232.0,82.0,24.0,31.0,14.0,13.0
369,2020-05-07,85.0,223.0,80.0,24.0,32.0,14.0,10.0
370,2020-05-06,85.0,223.0,70.0,16.0,32.0,14.0,8.0
371,2020-05-05,85.0,223.0,69.0,15.0,32.0,11.0,11.0
372,2020-05-04,85.0,223.0,63.0,10.0,28.0,11.0,14.0
373,2020-05-03,85.0,223.0,60.0,11.0,27.0,13.0,9.0
374,2020-05-02,85.0,223.0,48.0,9.0,19.0,12.0,8.0
375,2020-05-01,85.0,223.0,46.0,8.0,18.0,12.0,8.0
376,2020-04-30,0.0,0.0,39.0,6.0,16.0,8.0,9.0
377,2020-04-29,0.0,0.0,35.0,6.0,14.0,9.0,6.0
378,2020-04-28,0.0,0.0,30.0,4.0,11.0,9.0,6.0
379,2020-04-27,0.0,0.0,21.0,3.0,5.0,6.0,7.0
380,2020-04-26,0.0,0.0,17.0,3.0,4.0,6.0,4.0
381,2020-04-25,0.0,0.0,16.0,3.0,4.0,5.0,4.0
382,2020-04-24,0.0,0.0,17.0,3.0,4.0,6.0,4.0
383,2020-04-23,0.0,0.0,17.0,4.0,4.0,5.0,4.0
384,2020-04-22,0.0,0.0,16.0,4.0,5.0,2.0,5.0
385,2020-04-21,0.0,0.0,15.0,3.0,5.0,3.0,4.0
386,2020-04-20,0.0,0.0,11.0,3.0,4.0,3.0,1.0
387,2020-04-19,0.0,0.0,8.0,1.0,3.0,3.0,1.0
388,2020-04-18,0.0,0.0,9.0,2.0,3.0,3.0,1.0
389,2020-04-17,0.0,0.0,8.0,2.0,2.0,3.0,1.0
390,2020-04-16,0.0,0.0,7.0,2.0,2.0,3.0,0.0
391,2020-04-15,0.0,0.0,7.0,1.0,3.0,3.0,0.0
392,2020-04-14,0.0,0.0,5.0,1.0,1.0,3.0,0.0
393,2020-04-13,0.0,0.0,6.0,0.0,2.0,4.0,0.0
394,2020-04-12,0.0,0.0,0.0,0.0,0.0,0.0,0.0
395,2020-04-11,0.0,0.0,6.0,4.0,2.0,0.0,0.0
396,2020-04-10,0.0,0.0,6.0,4.0,2.0,0.0,0.0
397,2020-04-09,0.0,0.0,0.0,0.0,0.0,0.0,0.0
398,2020-04-08,0.0,0.0,8.0,5.0,3.0,0.0,0.0
399,2020-04-07,0.0,0.0,7.0,4.0,3.0,0.0,0.0
400,2020-04-06,0.0,0.0,5.0,3.0,2.0,0.0,0.0
401,2020-04-05,0.0,0.0,0.0,0.0,0.0,0.0,0.0
402,2020-04-04,0.0,0.0,0.0,0.0,0.0,0.0,0.0
403,2020-04-03,0.0,0.0,0.0,0.0,0.0,0.0,0.0
404,2020-04-02,0.0,0.0,0.0,0.0,0.0,0.0,0.0
405,2020-04-01,0.0,0.0,0.0,0.0,0.0,0.0,0.0
